MinMax_overall_rating,MinMax_potential,MinMax_value_euro,MinMax_wage_euro,MinMax_international_reputation(1-5),MinMax_weak_foot(1-5),MinMax_skill_moves(1-5),MinMax_release_clause_euro,MinMax_crossing,MinMax_finishing,MinMax_heading_accuracy,MinMax_short_passing,MinMax_volleys,MinMax_dribbling,MinMax_curve,MinMax_freekick_accuracy,MinMax_long_passing,MinMax_ball_control,MinMax_acceleration,MinMax_sprint_speed,MinMax_agility,MinMax_reactions,MinMax_balance,MinMax_shot_power,MinMax_jumping,MinMax_stamina,MinMax_strength,MinMax_long_shots,MinMax_aggression,MinMax_interceptions,MinMax_positioning,MinMax_vision,MinMax_penalties,MinMax_composure,MinMax_marking,MinMax_standing_tackle,MinMax_sliding_tackle,MinMax_GK_diving,MinMax_GK_handling,MinMax_GK_kicking,MinMax_GK_positioning,MinMax_GK_reflexes
0.30848947766240986,0.3195488721804511,0.032170340314943716,0.02229001384469839,0.0416318574213311,0.517369813422445,0.42035644667223615,0.029286358350976562,0.601014847725374,0.5410374801999024,0.6159124402767218,0.6884604923160613,0.5305349938152876,0.6397520084560266,0.5560397205134048,0.4921051031153874,0.6078672209624592,0.6662426267689425,0.6687617737153341,0.6744018681241256,0.6411934394390534,0.5301295774157616,0.6353644527986635,0.6535874710931918,0.6177654785110924,0.6847823924891594,0.6296784529867238,0.5691667440205452,0.6327968515666678,0.5642983427561151,0.600295541721688,0.5810110593945179,0.5502815303842262,0.6263658484836429,0.5671183453138341,0.5663744290483552,0.5655449994495283,0.10809326687505275,0.10645508765809515,0.10630054990957244,0.10840303004702762,0.10348601491782018
0.3105176513627217,0.3097352443104373,0.02518546702504536,0.01720607331934867,0.041293213828425095,0.382842509603073,0.0,0.022886971983925804,0.1086311255965545,0.11679264246279236,0.10836006848034063,0.24911413512789204,0.11038322961021942,0.11446587639227344,0.10368408799906875,0.09101211238170921,0.21454484482653488,0.151073798160866,0.3469458462001958,0.3460962929824291,0.32402573951869723,0.5200464148527529,0.3527848911651728,0.215679452207315,0.5235630957461943,0.22716602646180103,0.5578595540183248,0.1064162754303599,0.20319948166545823,0.14910817973379384,0.11162969999862317,0.36500823120541426,0.1493863402142344,0.44553685750868843,0.14312448115265014,0.09625149013201463,0.11898877408212485,0.7782589304982088,0.7311420973392806,0.7121610783582616,0.7612683249651124,0.7578786502003223
